Id,Full name,Company name,Email,Phone,Project name,Project description,Department,Message,Created at,Updated at
1,JP Boutin,Johnson Controls International plc,BrentKBynum@rhyta.com,302-718-2374,Johnson Controls International plc,,Webdesign,,10/9/2016 0:29,10/9/2016 0:29
2,Nicolas Genest,"TPI Composites, Inc.",ThelmaCValdez@gustr.com,962-376-0870,"TPI Composites, Inc.",,Marketing,,11/2/2016 20:44,11/2/2016 20:44
3,Philippe Bouillon,DRDGOLD Limited,RobinRCox@cuvox.de,137-526-1928,DRDGOLD Limited,,Webdesign,,11/3/2016 21:59,11/3/2016 21:59
4,Felix-Antoine Paradis,"Genesis Energy, L.P.",DeshawnCGarcia@rhyta.com,140-634-9301,"Genesis Energy, L.P.",,Marketing,,11/4/2016 23:14,11/4/2016 23:14
5,Remi Gagnon,Petroleo Brasileiro S.A.- Petrobras,TamelaMGarcia@teleworm.us,172-853-6352,Petroleo Brasileiro S.A.- Petrobras,,Webdesign,,11/6/2016 0:29,11/6/2016 0:29
6,Mathieu LeFran√ßois,"Kinder Morgan, Inc.",EdnaPOdell@jourrapide.com,261-537-3289,"Kinder Morgan, Inc.",,Marketing,,11/7/2016 1:44,11/7/2016 1:44
7,Nicolas Pineault,"GTx, Inc.",NancyTHigginbotham@rhyta.com,370-749-4260,"GTx, Inc.",,Webdesign,,11/8/2016 2:59,11/8/2016 2:59
8,Serge Savoie,Flaherty & Crumrine Preferred Income Fund Incorporated,OwenTPetty@fleckens.hu,423-594-6662,Flaherty & Crumrine Preferred Income Fund Incorporated,,Marketing,,11/9/2016 4:14,11/9/2016 4:14
9,Nadya Fortier,"Gabelli Equity Trust, Inc. (The)",MichaelLWunder@superrito.com,418-918-9850,"Gabelli Equity Trust, Inc. (The)",,Webdesign,,11/10/2016 5:29,11/10/2016 5:29
10,Yann Dore,Vident Core US Equity ETF,EdwardDGabrielson@fleckens.hu,219-521-0018,Vident Core US Equity ETF,,Marketing,,11/11/2016 6:44,11/11/2016 6:44
11,Stephane Bruyere,"Analog Devices, Inc.",HarrietWWhaley@superrito.com,725-684-3003,"Analog Devices, Inc.",,Webdesign,,11/12/2016 7:59,11/12/2016 7:59
12,Gilles Trudel,WisdomTree China ex-State-Owned Enterprises Fund,HughGCain@cuvox.de,460-584-8842,WisdomTree China ex-State-Owned Enterprises Fund,,Marketing,,11/13/2016 9:14,11/13/2016 9:14
13,Laura Zuviri,"Calavo Growers, Inc.",WilliamDBecker@teleworm.us,134-403-5810,"Calavo Growers, Inc.",,Webdesign,,11/14/2016 10:29,11/14/2016 10:29
14,Mathieu Houde,Hyatt Hotels Corporation,MargaretJFord@einrot.com,594-673-8723,Hyatt Hotels Corporation,,Marketing,,11/15/2016 11:44,11/15/2016 11:44
15,Brent Bynum,ON Semiconductor Corporation,JohnHButcher@teleworm.us,275-776-0683,ON Semiconductor Corporation,,Webdesign,,11/16/2016 12:59,11/16/2016 12:59
16,Thelma Valdez,"Cal-Maine Foods, Inc.",YvonneRFrost@gustr.com,964-727-8059,"Cal-Maine Foods, Inc.",,Marketing,,11/17/2016 14:14,11/17/2016 14:14
17,Robin Cox,Vanguard International High Dividend Yield ETF,BreannaOHopkins@einrot.com,777-418-3269,Vanguard International High Dividend Yield ETF,,Webdesign,,11/18/2016 15:29,11/18/2016 15:29
18,Deshawn Garcia,Wix.com Ltd.,MariettaRSwearingen@jourrapide.com,156-629-2721,Wix.com Ltd.,,Marketing,,11/19/2016 16:44,11/19/2016 16:44
19,Tamela Garcia,Camden National Corporation,JamesMFrame@dayrep.com,441-859-2120,Camden National Corporation,,Webdesign,,11/20/2016 17:59,11/20/2016 17:59
20,Edna Odell,Gafisa SA,BrianDMoore@superrito.com,459-344-9318,Gafisa SA,,Marketing,,11/21/2016 19:14,11/21/2016 19:14
21,Nancy Higginbotham,Ascendis Pharma A/S,CharlieJMcCracken@fleckens.hu,645-331-1756,Ascendis Pharma A/S,,Webdesign,,11/22/2016 20:29,11/22/2016 20:29
22,Owen Petty,"Century Bancorp, Inc.",JasonMLightner@dayrep.com,221-566-6514,"Century Bancorp, Inc.",,Marketing,,11/23/2016 21:44,11/23/2016 21:44
23,Michael Wunder,"Colony NorthStar, Inc.",WilliamDBarnes@einrot.com,853-670-7370,"Colony NorthStar, Inc.",,Webdesign,,11/24/2016 22:59,11/24/2016 22:59
24,Edward Gabrielson,"NN, Inc.",FredLCade@fleckens.hu,320-559-5902,"NN, Inc.",,Marketing,,11/26/2016 0:14,11/26/2016 0:14
25,Harriet Whaley,Renren Inc.,AmyLBruggeman@fleckens.hu,407-326-5889,Renren Inc.,,Webdesign,,11/27/2016 1:29,11/27/2016 1:29
26,Hugh Cain,iShares MSCI EAFE ESG Optimized ETF,LauraCMejia@superrito.com,183-486-5856,iShares MSCI EAFE ESG Optimized ETF,,Marketing,,11/28/2016 2:44,11/28/2016 2:44
27,William Becker,"CYS Investments, Inc.",MartinDFloyd@einrot.com,338-585-9999,"CYS Investments, Inc.",,Webdesign,,12/28/2016 2:44,12/28/2016 2:44
28,Margaret Ford,CombiMatrix Corporation,JamesDBradley@dayrep.com,217-848-1496,CombiMatrix Corporation,,Marketing,,12/29/2016 3:59,12/29/2016 3:59
29,John Butcher,"Fogo de Chao, Inc.",SandraBZimmerman@rhyta.com,685-148-5912,"Fogo de Chao, Inc.",,Webdesign,,12/30/2016 5:14,12/30/2016 5:14
30,Yvonne Frost,Hailiang Education Group Inc.,FrancesJLevering@dayrep.com,207-943-8810,Hailiang Education Group Inc.,,Marketing,,12/31/2016 6:29,12/31/2016 6:29
31,Breanna Hopkins,Citigroup Inc.,WendyJContreras@gustr.com,568-863-6644,Citigroup Inc.,,Webdesign,,1/1/2017 7:44,1/1/2017 7:44
32,Marietta Swearingen,Origin Agritech Limited,MosesBRice@jourrapide.com,494-843-5134,Origin Agritech Limited,,Marketing,,1/2/2017 8:59,1/2/2017 8:59
33,James Frame,Domtar Corporation,GraceJLair@gustr.com,502-381-1490,Domtar Corporation,,Webdesign,,1/3/2017 10:14,1/3/2017 10:14
34,Brian Moore,WeatherStorm Forensic Accounting Long Short ETF,FriedaRLopez@cuvox.de,456-694-2462,WeatherStorm Forensic Accounting Long Short ETF,,Marketing,,1/4/2017 11:29,1/4/2017 11:29
35,Charlie McCracken,Shinhan Financial Group Co Ltd,PeterCSchultheis@armyspy.com,691-682-0379,Shinhan Financial Group Co Ltd,,Webdesign,,1/5/2017 12:44,1/5/2017 12:44
36,Jason Lightner,"Coherent, Inc.",DavidNArnold@cuvox.de,541-266-0669,"Coherent, Inc.",,Marketing,,1/6/2017 13:59,1/6/2017 13:59
37,William Barnes,MB Financial Inc.,ElaineGHood@einrot.com,342-526-2495,MB Financial Inc.,,Webdesign,,1/7/2017 15:14,1/7/2017 15:14
38,Fred Cade,"Choice Hotels International, Inc.",DanaWTracey@dayrep.com,733-217-8857,"Choice Hotels International, Inc.",,Marketing,,1/8/2017 16:29,1/8/2017 16:29
39,Amy Bruggeman,Nuveen Preferred Income Opportunites Fund,JamesSJones@armyspy.com,114-225-8064,Nuveen Preferred Income Opportunites Fund,,Webdesign,,1/9/2017 17:44,1/9/2017 17:44
40,Laura Mejia,Athene Holding Ltd.,RichardNBranscum@teleworm.us,466-461-5803,Athene Holding Ltd.,,Marketing,,1/10/2017 18:59,1/10/2017 18:59
41,Martin Floyd,"Ascena Retail Group, Inc.",JohnSMyrie@einrot.com,370-454-0431,"Ascena Retail Group, Inc.",,Webdesign,,1/11/2017 20:14,1/11/2017 20:14
42,James Bradley,"Real Industry, Inc. ",MargaretFPorto@teleworm.us,514-305-5299,"Real Industry, Inc. ",,Marketing,,1/12/2017 21:29,1/12/2017 21:29
43,Sandra Zimmerman,Drive Shack Inc.,DebraSPapa@fleckens.hu,202-922-6464,Drive Shack Inc.,,Webdesign,,1/13/2017 22:44,1/13/2017 22:44
44,Frances Levering,PowerShares S&P SmallCap Information Technology Portfolio,CynthiaGGarza@rhyta.com,171-943-7608,PowerShares S&P SmallCap Information Technology Portfolio,,Marketing,,1/14/2017 23:59,1/14/2017 23:59
45,Wendy Contreras,"Compania Cervecerias Unidas, S.A.",CherylRHardy@cuvox.de,650-973-2909,"Compania Cervecerias Unidas, S.A.",,Webdesign,,1/16/2017 1:14,1/16/2017 1:14
46,Moses Rice,First Trust Municipal CEF Income Opportunity ETF,MaryDOusley@superrito.com,764-915-8991,First Trust Municipal CEF Income Opportunity ETF,,Marketing,,1/17/2017 2:29,1/17/2017 2:29
47,Grace Lair,iShares MSCI EAFE ESG Optimized ETF,EdnaWDuca@cuvox.de,650-432-7551,iShares MSCI EAFE ESG Optimized ETF,,Webdesign,,1/18/2017 3:44,1/18/2017 3:44
48,Frieda Lopez,magicJack VocalTec Ltd,MaryJLawson@gustr.com,146-272-4420,magicJack VocalTec Ltd,,Marketing,,2/19/2017 4:59,2/19/2017 4:59
49,Peter Schultheis,"Kratos Defense & Security Solutions, Inc.",JamesTMolina@cuvox.de,557-267-9939,"Kratos Defense & Security Solutions, Inc.",,Webdesign,,2/20/2017 6:14,2/20/2017 6:14
50,David Arnold,Genpact Limited,RoyceKKirk@gustr.com,294-632-1202,Genpact Limited,,Marketing,,2/21/2017 7:29,2/21/2017 7:29
51,Elaine Hood,"Mota Group, Inc.",SamuelLLytle@armyspy.com,709-200-4944,"Mota Group, Inc.",,Webdesign,,2/22/2017 8:44,2/22/2017 8:44
52,Dana Tracey,"Lantronix, Inc.",DennisKMoore@fleckens.hu,695-143-1621,"Lantronix, Inc.",,Marketing,,2/23/2017 9:59,2/23/2017 9:59
53,James Jones,"Hibbett Sports, Inc.",TimothyCThomas@rhyta.com,995-343-0969,"Hibbett Sports, Inc.",,Webdesign,,2/24/2017 11:14,2/24/2017 11:14
54,Richard Branscum,First Financial Bancorp.,SeymourJPena@einrot.com,828-412-5648,First Financial Bancorp.,,Marketing,,2/25/2017 12:29,2/25/2017 12:29
55,John Myrie,"Biostage, Inc.",GinnyJWages@teleworm.us,808-589-9001,"Biostage, Inc.",,Webdesign,,2/26/2017 13:44,2/26/2017 13:44
56,Margaret Porto,"CareDx, Inc.",RubyTEvans@teleworm.us,352-647-3743,"CareDx, Inc.",,Marketing,,2/27/2017 14:59,2/27/2017 14:59
57,Debra Papa,"Sage Therapeutics, Inc.",JenniferAWilliams@armyspy.com,547-713-9729,"Sage Therapeutics, Inc.",,Webdesign,,2/28/2017 16:14,2/28/2017 16:14
58,Cynthia Garza,PIMCO New York Municipal Income Fund III,JoaquinVRounds@fleckens.hu,870-327-2186,PIMCO New York Municipal Income Fund III,,Marketing,,3/1/2017 17:29,3/1/2017 17:29
59,Cheryl Hardy,"Jamba, Inc.",MichaelACano@jourrapide.com,129-682-1174,"Jamba, Inc.",,Webdesign,,3/2/2017 18:44,3/2/2017 18:44
60,Mary Ousley,"Red Robin Gourmet Burgers, Inc.",JohnEAvila@cuvox.de,993-732-2930,"Red Robin Gourmet Burgers, Inc.",,Marketing,,3/3/2017 19:59,3/3/2017 19:59
61,Edna Duca,Teva Pharmaceutical Industries Limited,CharlesCWallace@dayrep.com,396-591-0219,Teva Pharmaceutical Industries Limited,,Webdesign,,3/4/2017 21:14,3/4/2017 21:14
62,Mary Lawson,"Sun Bancorp, Inc.",GeorgeTFitzgerald@cuvox.de,764-610-0697,"Sun Bancorp, Inc.",,Marketing,,3/5/2017 22:29,3/5/2017 22:29
63,James Molina,Pacific Special Acquisition Corp.,LaurenNPeterson@rhyta.com,207-537-9817,Pacific Special Acquisition Corp.,,Webdesign,,3/6/2017 23:44,3/6/2017 23:44
64,Royce Kirk,Gabelli Global Small and Mid Cap Value Trust (The),JamesSHernandez@jourrapide.com,193-633-9551,Gabelli Global Small and Mid Cap Value Trust (The),,Marketing,,3/8/2017 0:59,3/8/2017 0:59
65,Samuel Lytle,Till Capital Ltd.,MatthewSSteele@fleckens.hu,354-464-6726,Till Capital Ltd.,,Webdesign,,3/9/2017 2:14,3/9/2017 2:14
66,Dennis Moore,voxeljet AG,AnnaRGrogan@gustr.com,931-477-4719,voxeljet AG,,Marketing,,3/10/2017 3:29,3/10/2017 3:29
67,Timothy Thomas,Global X SuperDividend Alternatives ETF,KrystalEDavid@armyspy.com,405-475-7465,Global X SuperDividend Alternatives ETF,,Webdesign,,3/11/2017 4:44,3/11/2017 4:44
68,Seymour Pena,Bank of America Corporation,BoydJHunt@dayrep.com,149-215-1344,Bank of America Corporation,,Marketing,,3/12/2017 5:59,3/12/2017 5:59
69,Ginny Wages,"Hennessy Advisors, Inc.",AdamCDeal@teleworm.us,857-883-2714,"Hennessy Advisors, Inc.",,Webdesign,,3/13/2017 7:14,3/13/2017 7:14
70,Ruby Evans,Dean Foods Company,HectorNWagner@einrot.com,280-722-9058,Dean Foods Company,,Marketing,,3/14/2017 8:29,3/14/2017 8:29
71,Jennifer Williams,"VASCO Data Security International, Inc.",DeniseKSerra@dayrep.com,753-668-0588,"VASCO Data Security International, Inc.",,Webdesign,,3/15/2017 9:44,3/15/2017 9:44
72,Joaquin Rounds,Fibrocell Science Inc,ScottAJamison@fleckens.hu,906-583-0282,Fibrocell Science Inc,,Marketing,,3/16/2017 10:59,3/16/2017 10:59
73,Michael Cano,Regulus Therapeutics Inc.,LeeEDuffy@rhyta.com,339-299-7670,Regulus Therapeutics Inc.,,Webdesign,,3/17/2017 12:14,3/17/2017 12:14
74,John Avila,PIMCO Income Strategy Fund,JenniferRBell@einrot.com,978-338-0082,PIMCO Income Strategy Fund,,Marketing,,4/18/2017 13:29,4/18/2017 13:29
75,Charles Wallace,Invesco Municipal Income Opportunities Trust,JamesLGreen@teleworm.us,273-729-4939,Invesco Municipal Income Opportunities Trust,,Webdesign,,4/19/2017 14:44,4/19/2017 14:44
76,George Fitzgerald,"John Wiley & Sons, Inc.",SherryFVargas@dayrep.com,549-386-4326,"John Wiley & Sons, Inc.",,Marketing,,4/20/2017 15:59,4/20/2017 15:59
77,Lauren Peterson,Xcel Energy Inc.,JamesYAshbrook@superrito.com,391-854-8090,Xcel Energy Inc.,,Webdesign,,4/21/2017 17:14,4/21/2017 17:14
78,James Hernandez,Invacare Corporation,TimothyATaylor@dayrep.com,528-333-0954,Invacare Corporation,,Marketing,,4/22/2017 18:29,4/22/2017 18:29
79,Matthew Steele,"Integrated Device Technology, Inc.",JoanEAmbler@superrito.com,412-718-2053,"Integrated Device Technology, Inc.",,Webdesign,,4/23/2017 19:44,4/23/2017 19:44
80,Anna Grogan,Invesco Municipal Income Opportunities Trust,SheilaENugent@fleckens.hu,202-394-6493,Invesco Municipal Income Opportunities Trust,,Marketing,,4/24/2017 20:59,4/24/2017 20:59
81,Krystal David,Prudential Public Limited Company,AlvinCWagaman@armyspy.com,379-729-4063,Prudential Public Limited Company,,Webdesign,,4/25/2017 22:14,4/25/2017 22:14
82,Boyd Hunt,"Electronics for Imaging, Inc.",DavidKBush@gustr.com,215-565-8730,"Electronics for Imaging, Inc.",,Marketing,,4/26/2017 23:29,4/26/2017 23:29
83,Adam Deal,Unilever NV,StephanieLAguiar@armyspy.com,347-481-7497,Unilever NV,,Webdesign,,4/28/2017 0:44,4/28/2017 0:44
84,Hector Wagner,"Pluristem Therapeutics, Inc.",OpalRSecor@einrot.com,544-471-0295,"Pluristem Therapeutics, Inc.",,Marketing,,4/29/2017 1:59,4/29/2017 1:59
85,Denise Serra,NeoPhotonics Corporation,JoshuaKCole@armyspy.com,142-707-1566,NeoPhotonics Corporation,,Webdesign,,4/30/2017 3:14,4/30/2017 3:14
86,Scott Jamison,"County Bancorp, Inc.",BrendaRDragon@cuvox.de,325-386-8625,"County Bancorp, Inc.",,Marketing,,5/1/2017 4:29,5/1/2017 4:29
87,Lee Duffy,PowerShares S&P SmallCap Financials Portfolio,WarrenMDolin@dayrep.com,707-515-0139,PowerShares S&P SmallCap Financials Portfolio,,Webdesign,,5/2/2017 5:44,5/2/2017 5:44
88,Jennifer Bell,PVH Corp.,EmmaPLedet@superrito.com,547-112-7517,PVH Corp.,,Marketing,,5/3/2017 6:59,5/3/2017 6:59
89,James Green,"MainSource Financial Group, Inc.",RoseKGouin@fleckens.hu,921-201-2725,"MainSource Financial Group, Inc.",,Webdesign,,5/4/2017 8:14,5/4/2017 8:14
90,Sherry Vargas,"Globus Medical, Inc.",SabrinaRChavez@fleckens.hu,896-776-9166,"Globus Medical, Inc.",,Marketing,,5/5/2017 9:29,5/5/2017 9:29
91,James Ashbrook,First Trust United Kingdom AlphaDEX Fund,SuzanneTCruz@fleckens.hu,481-208-0514,First Trust United Kingdom AlphaDEX Fund,,Webdesign,,5/6/2017 10:44,5/6/2017 10:44
92,Timothy Taylor,EPR Properties,GeorgeDMathis@armyspy.com,592-998-5231,EPR Properties,,Marketing,,5/7/2017 11:59,5/7/2017 11:59
93,Joan Ambler,"The Meet Group, Inc.",HazelRArmstrong@dayrep.com,726-344-5068,"The Meet Group, Inc.",,Webdesign,,5/8/2017 13:14,5/8/2017 13:14
94,Sheila Nugent,Almost Family Inc,MariaPAlexander@gustr.com,733-374-5220,Almost Family Inc,,Marketing,,5/9/2017 14:29,5/9/2017 14:29
95,Alvin Wagaman,NovoCure Limited,GeorgeAJoiner@cuvox.de,817-619-8731,NovoCure Limited,,Webdesign,,5/10/2017 15:44,5/10/2017 15:44
96,David Bush,Open Text Corporation,DonaldVPenton@dayrep.com,153-321-5009,Open Text Corporation,,Marketing,,5/11/2017 16:59,5/11/2017 16:59
97,Stephanie Aguiar,QAD Inc.,JosephMMetzger@fleckens.hu,772-435-2908,QAD Inc.,,Webdesign,,6/12/2017 18:14,6/12/2017 18:14
98,Opal Secor,"Ra Pharmaceuticals, Inc.",JohnMAdame@teleworm.us,470-629-8801,"Ra Pharmaceuticals, Inc.",,Marketing,,6/13/2017 19:29,6/13/2017 19:29
99,Joshua Cole,"United Bancshares, Inc.",BrittanySDavis@gustr.com,916-963-0468,"United Bancshares, Inc.",,Webdesign,,6/14/2017 20:44,6/14/2017 20:44
100,Brenda Dragon,ON Semiconductor Corporation,EddieDShook@fleckens.hu,431-139-3305,ON Semiconductor Corporation,,Marketing,,6/15/2017 21:59,6/15/2017 21:59
101,Warren Dolin,VelocityShares Daily 2x VIX Short-Term ETN,EricJTaylor@gustr.com,779-533-0934,VelocityShares Daily 2x VIX Short-Term ETN,,Webdesign,,6/16/2017 23:14,6/16/2017 23:14
102,Emma Ledet,National Energy Services Reunited Corp.,BrianHBains@dayrep.com,771-985-2148,National Energy Services Reunited Corp.,,Marketing,,6/18/2017 0:29,6/18/2017 0:29
103,Rose Gouin,DTE Energy Company,FlorenceCHalladay@jourrapide.com,705-620-7657,DTE Energy Company,,Webdesign,,6/19/2017 1:44,6/19/2017 1:44
104,Sabrina Chavez,CyberArk Software Ltd.,CharlesNMilligan@teleworm.us,357-603-3188,CyberArk Software Ltd.,,Marketing,,6/20/2017 2:59,6/20/2017 2:59
105,Suzanne Cruz,John Hancock Income Securities Trust,EdwardLAverill@fleckens.hu,499-741-4966,John Hancock Income Securities Trust,,Webdesign,,6/21/2017 4:14,6/21/2017 4:14
106,George Mathis,"Fidelity National Information Services, Inc.",DamianDWise@cuvox.de,786-491-1322,"Fidelity National Information Services, Inc.",,Marketing,,6/22/2017 5:29,6/22/2017 5:29
107,Hazel Armstrong,"Lifetime Brands, Inc.",MariaTJennings@rhyta.com,421-144-3237,"Lifetime Brands, Inc.",,Webdesign,,6/23/2017 6:44,6/23/2017 6:44
108,Maria Alexander,"KemPharm, Inc.",GeorgeRBarton@gustr.com,931-863-7775,"KemPharm, Inc.",,Marketing,,6/24/2017 7:59,6/24/2017 7:59
109,George Joiner,"Meritor, Inc.",StellaBBoggs@dayrep.com,206-892-7251,"Meritor, Inc.",,Webdesign,,6/25/2017 9:14,6/25/2017 9:14
110,Donald Penton,CNH Industrial N.V.,EugeneEGlick@einrot.com,963-833-6713,CNH Industrial N.V.,,Marketing,,6/26/2017 10:29,6/26/2017 10:29
111,Joseph Metzger,Cowen Inc.,GordonMChichester@superrito.com,875-305-7254,Cowen Inc.,,Webdesign,,6/27/2017 11:44,6/27/2017 11:44
112,John Adame,"Goldman Sachs Group, Inc. (The)",TracyVSpooner@rhyta.com,774-664-0697,"Goldman Sachs Group, Inc. (The)",,Marketing,,6/28/2017 12:59,6/28/2017 12:59
113,Brittany Davis,Repros Therapeutics Inc.,MaryLRodriguez@gustr.com,225-835-5706,Repros Therapeutics Inc.,,Webdesign,,6/29/2017 14:14,6/29/2017 14:14
114,Eddie Shook,Kentucky First Federal Bancorp,BlakeMMcDermott@jourrapide.com,834-738-6261,Kentucky First Federal Bancorp,,Marketing,,6/30/2017 15:29,6/30/2017 15:29
115,Eric Taylor,"Blackrock MuniYield Quality Fund, Inc.",PaulaTEspinoza@dayrep.com,555-931-1136,"Blackrock MuniYield Quality Fund, Inc.",,Webdesign,,7/1/2017 16:44,7/1/2017 16:44
116,Brian Bains,Intellipharmaceutics International Inc.,TiaraJCampagna@gustr.com,180-846-0727,Intellipharmaceutics International Inc.,,Marketing,,7/2/2017 17:59,7/2/2017 17:59
117,Florence Halladay,"GoPro, Inc.",VanceAFinn@dayrep.com,114-517-5042,"GoPro, Inc.",,Webdesign,,7/3/2017 19:14,7/3/2017 19:14
118,Charles Milligan,Regions Financial Corporation,PaulKFairley@dayrep.com,936-833-5737,Regions Financial Corporation,,Marketing,,7/4/2017 20:29,7/4/2017 20:29
119,Edward Averill,"TerraForm Global, Inc.",KathleenNSimmons@cuvox.de,315-610-0352,"TerraForm Global, Inc.",,Webdesign,,8/5/2017 21:44,8/5/2017 21:44
120,Damian Wise,California Resources Corporation,JohnESoto@fleckens.hu,704-568-5548,California Resources Corporation,,Marketing,,8/6/2017 22:59,8/6/2017 22:59
121,Maria Jennings,Loews Corporation,SusanJMorton@superrito.com,539-334-4274,Loews Corporation,,Webdesign,,8/8/2017 0:14,8/8/2017 0:14
122,George Barton,"Loral Space and Communications, Inc.",DorothyJHudgins@cuvox.de,893-966-3620,"Loral Space and Communications, Inc.",,Marketing,,8/9/2017 1:29,8/9/2017 1:29
123,Stella Boggs,Omeros Corporation,GraceTSmith@cuvox.de,659-639-3995,Omeros Corporation,,Webdesign,,8/10/2017 2:44,8/10/2017 2:44
124,Eugene Glick,"Orion Energy Systems, Inc.",KelvinCBrown@fleckens.hu,140-266-0852,"Orion Energy Systems, Inc.",,Marketing,,8/11/2017 3:59,8/11/2017 3:59
125,Gordon Chichester,Capstone Turbine Corporation,TinaSKissell@jourrapide.com,739-310-9410,Capstone Turbine Corporation,,Webdesign,,8/12/2017 5:14,8/12/2017 5:14
126,Tracy Spooner,Owens Corning Inc,CarlSRuiz@armyspy.com,980-718-0811,Owens Corning Inc,,Marketing,,8/13/2017 6:29,8/13/2017 6:29
127,Mary Rodriguez,ClearBridge Energy MLP Opportunity Fund Inc.,TrishaEWilliams@fleckens.hu,318-633-2854,ClearBridge Energy MLP Opportunity Fund Inc.,,Webdesign,,8/14/2017 7:44,8/14/2017 7:44
128,Blake McDermott,"Tyson Foods, Inc.",JoseEWright@dayrep.com,606-542-2561,"Tyson Foods, Inc.",,Marketing,,8/15/2017 8:59,8/15/2017 8:59
129,Paula Espinoza,"Dr Pepper Snapple Group, Inc",TammyCGoff@rhyta.com,538-938-1409,"Dr Pepper Snapple Group, Inc",,Webdesign,,8/16/2017 10:14,8/16/2017 10:14
130,Tiara Campagna,Dividend and Income Fund,JeanMCortez@fleckens.hu,410-831-9201,Dividend and Income Fund,,Marketing,,8/17/2017 11:29,8/17/2017 11:29
131,Vance Finn,Adaptimmune Therapeutics plc,WilliamVGray@teleworm.us,398-645-9064,Adaptimmune Therapeutics plc,,Webdesign,,8/18/2017 12:44,8/18/2017 12:44
132,Paul Fairley,PowerShares Dividend Achievers Portfolio,DustinKAustin@gustr.com,539-520-7413,PowerShares Dividend Achievers Portfolio,,Marketing,,8/19/2017 13:59,8/19/2017 13:59
133,Kathleen Simmons,"NextEra Energy, Inc.",DavidFRichmond@einrot.com,255-946-0138,"NextEra Energy, Inc.",,Webdesign,,8/20/2017 15:14,8/20/2017 15:14
134,John Soto,"Pinnacle Entertainment, Inc.",DanielAChancey@dayrep.com,592-560-1600,"Pinnacle Entertainment, Inc.",,Marketing,,8/21/2017 16:29,8/21/2017 16:29
135,Susan Morton,ENDRA Life Sciences Inc.,MichelleDMock@superrito.com,996-271-7263,ENDRA Life Sciences Inc.,,Webdesign,,11/22/2017 17:44,11/22/2017 17:44
136,Dorothy Hudgins,ON Semiconductor Corporation,AnitaMOliveras@rhyta.com,761-477-5115,ON Semiconductor Corporation,,Marketing,,11/23/2017 18:59,11/23/2017 18:59
137,Grace Smith,Sotherly Hotels Inc.,ChadKSun@dayrep.com,294-228-3932,Sotherly Hotels Inc.,,Webdesign,,11/24/2017 20:14,11/24/2017 20:14
138,Kelvin Brown,A.H. Belo Corporation,SuzanneMCharbonneau@rhyta.com,168-888-4409,A.H. Belo Corporation,,Marketing,,11/25/2017 21:29,11/25/2017 21:29
139,Tina Kissell,"Catalyst Pharmaceuticals, Inc.",CharlesSMullis@rhyta.com,195-910-7574,"Catalyst Pharmaceuticals, Inc.",,Webdesign,,11/26/2017 22:44,11/26/2017 22:44
140,Carl Ruiz,Yandex N.V.,RandalMMoss@cuvox.de,511-940-3062,Yandex N.V.,,Marketing,,11/27/2017 23:59,11/27/2017 23:59
141,Trisha Williams,Active Alts Contrarian ETF,KateAMiner@gustr.com,232-739-4960,Active Alts Contrarian ETF,,Webdesign,,11/29/2017 1:14,11/29/2017 1:14
142,Jose Wright,"SandRidge Energy, Inc.",SusanCHansen@jourrapide.com,186-143-7692,"SandRidge Energy, Inc.",,Marketing,,11/30/2017 2:29,11/30/2017 2:29
143,Tammy Goff,"TRACON Pharmaceuticals, Inc.",RyanMMerrill@fleckens.hu,955-110-3459,"TRACON Pharmaceuticals, Inc.",,Webdesign,,12/1/2017 3:44,12/1/2017 3:44
144,Jean Cortez,NASDAQ TEST STOCK,JeanJFarnsworth@armyspy.com,681-560-6334,NASDAQ TEST STOCK,,Marketing,,12/2/2017 4:59,12/2/2017 4:59
145,William Gray,"Lydall, Inc.",JoePBeeman@armyspy.com,399-854-3603,"Lydall, Inc.",,Webdesign,,12/3/2017 6:14,12/3/2017 6:14
146,Dustin Austin,Resolute Forest Products Inc.,DonaldJCampbell@teleworm.us,404-307-9600,Resolute Forest Products Inc.,,Marketing,,12/4/2017 7:29,12/4/2017 7:29
147,David Richmond,Global X Conscious Companies ETF,JonathanFPark@cuvox.de,269-215-1630,Global X Conscious Companies ETF,,Webdesign,,12/5/2017 8:44,12/5/2017 8:44
148,Daniel Chancey,Barington/Hilco Acquisition Corp.,ToddAUnger@cuvox.de,638-255-9721,Barington/Hilco Acquisition Corp.,,Marketing,,12/6/2017 9:59,12/6/2017 9:59
149,Michelle Mock,Quaker Chemical Corporation,JoePDodge@cuvox.de,620-579-8668,Quaker Chemical Corporation,,Webdesign,,12/7/2017 11:14,12/7/2017 11:14
150,Anita Oliveras,KLX Inc.,TheodoreSAbraham@cuvox.de,455-391-5587,KLX Inc.,,Marketing,,12/8/2017 12:29,12/8/2017 12:29
151,Chad Sun,MFS Charter Income Trust,KristenKClay@superrito.com,413-463-7990,MFS Charter Income Trust,,Webdesign,,12/9/2017 13:44,12/9/2017 13:44
152,Suzanne Charbonneau,"Codexis, Inc.",NedNThomas@einrot.com,573-556-3391,"Codexis, Inc.",,Marketing,,1/10/2018 14:59,1/10/2018 14:59
153,Charles Mullis,"Rockwell Automation, Inc.",DeloresCEmmer@fleckens.hu,970-371-0264,"Rockwell Automation, Inc.",,Webdesign,,1/11/2018 15:44,1/11/2018 15:44
154,Randal Moss,"Nike, Inc.",HelenGMills@armyspy.com,493-772-0132,"Nike, Inc.",,Marketing,,1/12/2018 16:29,1/12/2018 16:29
155,Kate Miner,"Westar Energy, Inc.",DavidSTaylor@fleckens.hu,424-970-9416,"Westar Energy, Inc.",,Webdesign,,1/13/2018 17:14,1/13/2018 17:14
156,Susan Hansen,Alliance National Municipal Income Fund Inc,RachellePBerry@teleworm.us,709-598-4658,Alliance National Municipal Income Fund Inc,,Marketing,,1/14/2018 17:59,1/14/2018 17:59
157,Ryan Merrill,"Texas Capital Bancshares, Inc.",JoseLReed@cuvox.de,849-833-1908,"Texas Capital Bancshares, Inc.",,Webdesign,,1/15/2018 18:44,1/15/2018 18:44
158,Jean Farnsworth,"AeroVironment, Inc.",MariaDLeary@fleckens.hu,835-707-9691,"AeroVironment, Inc.",,Marketing,,1/16/2018 19:29,1/16/2018 19:29
159,Joe Beeman,"FCB Financial Holdings, Inc.",WilmaWWilmot@gustr.com,608-575-3061,"FCB Financial Holdings, Inc.",,Webdesign,,1/17/2018 20:14,1/17/2018 20:14
160,Donald Campbell,"Grifols, S.A.",BennettMQuinlan@teleworm.us,279-716-9331,"Grifols, S.A.",,Marketing,,1/18/2018 20:59,1/18/2018 20:59
161,Jonathan Park,"PS Business Parks, Inc.",JustinTThompson@gustr.com,125-347-3515,"PS Business Parks, Inc.",,Webdesign,,1/19/2018 21:44,1/19/2018 21:44
162,Todd Unger,FORM Holdings Corp.,LouisTDay@jourrapide.com,758-519-4782,FORM Holdings Corp.,,Marketing,,1/20/2018 22:29,1/20/2018 22:29
163,Joe Dodge,F.N.B. Corporation,CheryRRogers@dayrep.com,173-126-9088,F.N.B. Corporation,,Webdesign,,1/21/2018 23:14,1/21/2018 23:14
164,Theodore Abraham,New Home Company Inc. (The),TomVGreen@armyspy.com,914-877-0496,New Home Company Inc. (The),,Marketing,,1/22/2018 23:59,1/22/2018 23:59
165,Kristen Clay,Federal Agricultural Mortgage Corporation,MillieCRybicki@superrito.com,229-409-9223,Federal Agricultural Mortgage Corporation,,Webdesign,,1/24/2018 0:44,1/24/2018 0:44
166,Ned Thomas,"TC PipeLines, LP",MaJDaye@superrito.com,496-369-7268,"TC PipeLines, LP",,Marketing,,1/25/2018 1:29,1/25/2018 1:29
167,Delores Emmer,"Aoxin Tianli Group, Inc.",PhyllisRWard@jourrapide.com,697-335-3991,"Aoxin Tianli Group, Inc.",,Webdesign,,1/26/2018 2:14,1/26/2018 2:14
168,Helen Mills,"C.R. Bard, Inc.",PatrickMHill@fleckens.hu,955-201-3749,"C.R. Bard, Inc.",,Marketing,,4/27/2018 2:59,4/27/2018 2:59
169,David Taylor,Stratus Properties Inc.,LindaDBarrett@rhyta.com,383-112-7260,Stratus Properties Inc.,,Webdesign,,4/28/2018 3:44,4/28/2018 3:44
170,Rachelle Berry,Voya Natural Resources Equity Income Fund,WilliamJRoberts@cuvox.de,484-406-2239,Voya Natural Resources Equity Income Fund,,Marketing,,4/29/2018 4:29,4/29/2018 4:29
171,Jose Reed,Fifth Street Senior Floating Rate Corp.,VeronicaRAble@einrot.com,903-909-0013,Fifth Street Senior Floating Rate Corp.,,Webdesign,,4/30/2018 5:14,4/30/2018 5:14
172,Maria Leary,"Emergent Biosolutions, Inc.",RaquelRSmith@cuvox.de,622-380-5314,"Emergent Biosolutions, Inc.",,Marketing,,5/1/2018 5:59,5/1/2018 5:59
173,Wilma Wilmot,BB&T Corporation,AnnetteHWhitley@armyspy.com,587-521-9169,BB&T Corporation,,Webdesign,,5/2/2018 6:44,5/2/2018 6:44
174,Bennett Quinlan,Pingtan Marine Enterprise Ltd.,KarenLMoorhead@dayrep.com,209-634-4058,Pingtan Marine Enterprise Ltd.,,Marketing,,5/3/2018 7:29,5/3/2018 7:29
175,Justin Thompson,Calamos Global Dynamic Income Fund,JonathanMManning@superrito.com,498-526-9855,Calamos Global Dynamic Income Fund,,Webdesign,,5/4/2018 8:14,5/4/2018 8:14
176,Louis Day,"GNC Holdings, Inc.",WilliamBDeherrera@teleworm.us,627-299-9139,"GNC Holdings, Inc.",,Marketing,,5/5/2018 8:59,5/5/2018 8:59
177,Chery Rogers,"Kayne Anderson Midstream Energy Fund, Inc",DavidJHuskey@superrito.com,764-894-8971,"Kayne Anderson Midstream Energy Fund, Inc",,Webdesign,,5/6/2018 9:44,5/6/2018 9:44
178,Tom Green,"Colony NorthStar, Inc.",ErnestMHafley@einrot.com,743-148-9059,"Colony NorthStar, Inc.",,Marketing,,5/7/2018 10:29,5/7/2018 10:29
179,Millie Rybicki,PowerShares Global Water Portfolio,SeanHSkillings@gustr.com,529-183-1824,PowerShares Global Water Portfolio,,Webdesign,,5/8/2018 11:14,5/8/2018 11:14
180,Ma Daye,Nuveen Municipal 2021 Target Term Fund,DavidHBrooks@rhyta.com,187-338-3098,Nuveen Municipal 2021 Target Term Fund,,Marketing,,5/9/2018 11:59,5/9/2018 11:59
181,Phyllis Ward,Royal Bank Scotland plc (The),WilliamNDrysdale@fleckens.hu,368-227-6471,Royal Bank Scotland plc (The),,Webdesign,,5/10/2018 12:44,5/10/2018 12:44
182,Patrick Hill,"Selective Insurance Group, Inc.",WilliamPBowers@cuvox.de,251-650-0636,"Selective Insurance Group, Inc.",,Marketing,,5/11/2018 13:29,5/11/2018 13:29
183,Linda Barrett,"Groupon, Inc.",StanleyDRosenstein@einrot.com,671-947-9394,"Groupon, Inc.",,Webdesign,,5/12/2018 14:14,5/12/2018 14:14
184,William Roberts,Canadian Solar Inc.,PaulFRhem@rhyta.com,176-222-7026,Canadian Solar Inc.,,Marketing,,5/13/2018 14:59,5/13/2018 14:59
185,Veronica Able,HSBC Holdings plc,BarbaraRDoggett@armyspy.com,420-788-7679,HSBC Holdings plc,,Webdesign,,5/14/2018 15:44,5/14/2018 15:44
186,Raquel Smith,DURECT Corporation,RaulPBuckner@teleworm.us,988-832-1574,DURECT Corporation,,Marketing,,5/15/2018 16:29,5/15/2018 16:29
187,Annette Whitley,"Westar Energy, Inc.",LyndaTFerrel@dayrep.com,971-881-9343,"Westar Energy, Inc.",,Webdesign,,5/16/2018 17:14,5/16/2018 17:14
188,Karen Moorhead,"DHT Holdings, Inc.",JamesJMorel@gustr.com,696-946-7169,"DHT Holdings, Inc.",,Marketing,,9/17/2018 17:59,9/17/2018 17:59
189,Jonathan Manning,Pimco New York Municipal Income Fund II,ScottMHall@gustr.com,666-442-2626,Pimco New York Municipal Income Fund II,,Webdesign,,9/18/2018 18:44,9/18/2018 18:44
190,William Deherrera,Yelp Inc.,MarkWPrice@fleckens.hu,460-116-7515,Yelp Inc.,,Marketing,,9/19/2018 19:29,9/19/2018 19:29
191,David Huskey,Double Eagle Acquisition Corp.,EvelynHSmith@gustr.com,160-712-0495,Double Eagle Acquisition Corp.,,Webdesign,,9/20/2018 20:14,9/20/2018 20:14
192,Ernest Hafley,"Xencor, Inc.",FrankFTurner@armyspy.com,278-499-4048,"Xencor, Inc.",,Marketing,,9/21/2018 20:59,9/21/2018 20:59
193,Sean Skillings,"Ohr Pharmaceuticals, Inc.",RaymondPMims@teleworm.us,193-624-7785,"Ohr Pharmaceuticals, Inc.",,Webdesign,,9/22/2018 21:44,9/22/2018 21:44
194,David Brooks,Polaris Industries Inc.,RonaldKCook@jourrapide.com,675-374-2768,Polaris Industries Inc.,,Marketing,,9/23/2018 22:29,9/23/2018 22:29
195,William Drysdale,iShares S&P/Citigroup 1-3 Year International Treasury Bond Fun,SandraRJohnson@armyspy.com,915-463-4663,iShares S&P/Citigroup 1-3 Year International Treasury Bond Fun,,Webdesign,,9/24/2018 23:14,9/24/2018 23:14
196,William Bowers,Altisource Residential Corporation,AndreaLHiggins@superrito.com,740-577-2042,Altisource Residential Corporation,,Marketing,,9/25/2018 23:59,9/25/2018 23:59
197,Stanley Rosenstein,iPath US Treasury 10-year Bear ETN,DennisMBliss@einrot.com,647-556-4881,iPath US Treasury 10-year Bear ETN,,Webdesign,,9/27/2018 0:44,9/27/2018 0:44
