Id,Email,encrypted_password,reset_password_token,Reset password sent at,Remember created at,Created at,Updated at,First name,Last name,Title,Confirmation token,Confirmed at,Confirmation sent at,Unconfirmed email,Failed attempts,Unlock token,Locked at,Id [Employee],First name [Employee],Last name [Employee],Email [Employee],Title [Employee],Created at [Employee],Updated at [Employee]
7,jp@balactis.com,-,-,-,-,"October 05, 2018 13:17","October 05, 2018 13:17",JP,Boutin,Captain,-,-,"October 05, 2018 19:17",-,0,-,-,1,JP,Boutin,jp@balactis.com,Captain,"October 09, 2018 12:30","October 09, 2018 17:45"
8,nicolas.genest@codeboxx.biz,-,-,-,-,"October 05, 2018 19:07","October 05, 2018 19:07",Nicolas,Genest,Comm Rep,-,-,-,-,0,-,-,,,,,,,
9,philippe.bouillon@codeboxx.biz,-,-,-,-,"October 05, 2018 19:08","October 05, 2018 19:08",Philippe,Bouillon,Engineer,-,-,-,-,0,-,-,,,,,,,
10,felix-antoine.paradis@codeboxx.biz,-,-,-,-,"October 05, 2018 19:09","October 05, 2018 19:09",Felix-Antoine,Paradis,Engineer,-,-,-,-,0,-,-,,,,,,,
11,remi.gagnon@codeboxx.biz,-,-,-,-,"October 05, 2018 19:10","October 05, 2018 19:10",Remi,Gagnon,Engineer,-,-,-,-,0,-,-,,,,,,,
12,mathieu.lefrancois@codeboxx.biz,-,-,-,-,"October 05, 2018 19:11","October 05, 2018 19:11",Mathieu,LeFran√ßois,Engineer,-,-,-,-,0,-,-,,,,,,,
13,nicolas.pineault@codeboxx.biz,-,-,-,-,"October 05, 2018 19:11","October 05, 2018 19:11",Nicolas,Pineault,Engineer,-,-,-,-,0,-,-,,,,,,,
14,serge.savoie@codeboxx.biz,-,-,-,-,"October 05, 2018 19:12","October 05, 2018 19:12",Serge,Savoie,Engineer,-,-,-,-,0,-,-,,,,,,,
15,nadya.fortier@codeboxx.biz,-,-,-,-,"October 05, 2018 19:13","October 05, 2018 19:13",Nadya,Fortier,Director,-,-,-,-,0,-,-,,,,,,,
16,yanndo666@gmail.com,-,-,-,-,"October 05, 2018 20:38","October 05, 2018 20:38",Yann,Dore,Employee,-,-,-,-,0,-,-,,,,,,,
17,sbruyere@ypotek.com,-,-,-,-,"October 05, 2018 20:40","October 05, 2018 20:40",Stephane,Bruyere,Employee,-,-,-,-,0,-,-,,,,,,,
18,gillesatrudel@gmail.com,-,-,-,-,"October 05, 2018 20:41","October 05, 2018 20:41",Gilles,Trudel,Employee,-,-,-,-,0,-,-,,,,,,,
19,lyz_15xz@hotmail.com,-,-,-,-,"October 05, 2018 20:42","October 05, 2018 20:42",Laura,Zuviri,Employee,-,-,-,-,0,-,-,,,,,,,
20,mathieu.houde@live.ca,-,-,-,-,"October 05, 2018 20:44","October 05, 2018 20:44",Mathieu,Houde,Employee,-,-,-,-,0,-,-,,,,,,,
21,BrentKBynum@rhyta.com,-,-,-,-,"October 06, 2018 13:17","October 06, 2018 13:17",Brent,Bynum,Mr.,-,-,-,-,0,-,-,,,,,,,
22,ThelmaCValdez@gustr.com,-,-,-,-,"October 06, 2018 19:07","October 06, 2018 19:07",Thelma,Valdez,Dr.,-,-,-,-,0,-,-,,,,,,,
23,RobinRCox@cuvox.de,-,-,-,-,"October 06, 2018 19:08","October 06, 2018 19:08",Robin,Cox,Mrs.,-,-,-,-,0,-,-,,,,,,,
24,DeshawnCGarcia@rhyta.com,-,-,-,-,"November 06, 2018 19:09","November 06, 2018 19:09",Deshawn,Garcia,Mr.,-,-,-,-,0,-,-,,,,,,,
25,TamelaMGarcia@teleworm.us,-,-,-,-,"November 06, 2018 19:10","November 06, 2018 19:10",Tamela,Garcia,Ms.,-,-,-,-,0,-,-,,,,,,,
26,EdnaPOdell@jourrapide.com,-,-,-,-,"November 06, 2018 19:11","November 06, 2018 19:11",Edna,Odell,Mrs.,-,-,-,-,0,-,-,,,,,,,
27,NancyTHigginbotham@rhyta.com,-,-,-,-,"November 06, 2018 19:11","November 06, 2018 19:11",Nancy,Higginbotham,Mrs.,-,-,-,-,0,-,-,,,,,,,
28,OwenTPetty@fleckens.hu,-,-,-,-,"November 06, 2018 19:12","November 06, 2018 19:12",Owen,Petty,Mr.,-,-,-,-,0,-,-,,,,,,,
29,MichaelLWunder@superrito.com,-,-,-,-,"November 06, 2018 19:13","November 06, 2018 19:13",Michael,Wunder,Mr.,-,-,-,-,0,-,-,,,,,,,
30,EdwardDGabrielson@fleckens.hu,-,-,-,-,"November 06, 2018 20:38","November 06, 2018 20:38",Edward,Gabrielson,Dr.,-,-,-,-,0,-,-,,,,,,,
31,HarrietWWhaley@superrito.com,-,-,-,-,"November 06, 2018 20:40","November 06, 2018 20:40",Harriet,Whaley,Ms.,-,-,-,-,0,-,-,,,,,,,
32,HughGCain@cuvox.de,-,-,-,-,"November 06, 2018 20:41","November 06, 2018 20:41",Hugh,Cain,Mr.,-,-,-,-,0,-,-,,,,,,,
33,WilliamDBecker@teleworm.us,-,-,-,-,"November 06, 2018 20:42","November 06, 2018 20:42",William,Becker,Mr.,-,-,-,-,0,-,-,,,,,,,
34,MargaretJFord@einrot.com,-,-,-,-,"November 06, 2018 20:44","November 06, 2018 20:44",Margaret,Ford,Mrs.,-,-,-,-,0,-,-,,,,,,,
35,JohnHButcher@teleworm.us,-,-,-,-,"October 7, 2016 23:14","October 7, 2016 23:14",John,Butcher,Mr.,-,-,-,-,0,-,-,,,,,,,
36,YvonneRFrost@gustr.com,-,-,-,-,"October 9, 2016 0:29","October 9, 2016 0:29",Yvonne,Frost,Mrs.,-,-,-,-,0,-,-,,,,,,,
37,BreannaOHopkins@einrot.com,-,-,-,-,"October 10, 2016 1:44","October 10, 2016 1:44",Breanna,Hopkins,Ms.,-,-,-,-,0,-,-,,,,,,,
38,MariettaRSwearingen@jourrapide.com,-,-,-,-,"October 11, 2016 2:59","October 11, 2016 2:59",Marietta,Swearingen,Mrs.,-,-,-,-,0,-,-,,,,,,,
39,JamesMFrame@dayrep.com,-,-,-,-,"October 5, 2016 20:44","October 5, 2016 20:44",James,Frame,Mr.,-,-,-,-,0,-,-,,,,,,,
40,BrianDMoore@superrito.com,-,-,-,-,"October 6, 2016 21:59","October 6, 2016 21:59",Brian,Moore,Mr.,-,-,-,-,0,-,-,,,,,,,
41,CharlieJMcCracken@fleckens.hu,-,-,-,-,"October 7, 2016 23:14","October 7, 2016 23:14",Charlie,McCracken,Mr.,-,-,-,-,0,-,-,,,,,,,
42,JasonMLightner@dayrep.com,-,-,-,-,"October 9, 2016 0:29","October 9, 2016 0:29",Jason,Lightner,Mr.,-,-,-,-,0,-,-,,,,,,,
43,WilliamDBarnes@einrot.com,-,-,-,-,"October 10, 2016 1:44","October 10, 2016 1:44",William,Barnes,Mr.,-,-,-,-,0,-,-,,,,,,,
44,FredLCade@fleckens.hu,-,-,-,-,"October 11, 2016 2:59","October 11, 2016 2:59",Fred,Cade,Mr.,-,-,-,-,0,-,-,,,,,,,
45,AmyLBruggeman@fleckens.hu,-,-,-,-,"October 5, 2016 20:44","October 5, 2016 20:44",Amy,Bruggeman,Mrs.,-,-,-,-,0,-,-,,,,,,,
46,LauraCMejia@superrito.com,-,-,-,-,"October 6, 2016 21:59","October 6, 2016 21:59",Laura,Mejia,Ms.,-,-,-,-,0,-,-,,,,,,,
47,MartinDFloyd@einrot.com,-,-,-,-,"October 7, 2016 23:14","October 7, 2016 23:14",Martin,Floyd,Mr.,-,-,-,-,0,-,-,,,,,,,
48,JamesDBradley@dayrep.com,-,-,-,-,"October 9, 2016 0:29","October 9, 2016 0:29",James,Bradley,Mr.,-,-,-,-,0,-,-,,,,,,,
49,SandraBZimmerman@rhyta.com,-,-,-,-,"November 2, 2016 20:44","November 2, 2016 20:44",Sandra,Zimmerman,Ms.,-,-,-,-,0,-,-,,,,,,,
50,FrancesJLevering@dayrep.com,-,-,-,-,"November 3, 2016 21:59","November 3, 2016 21:59",Frances,Levering,Mrs.,-,-,-,-,0,-,-,,,,,,,
51,WendyJContreras@gustr.com,-,-,-,-,"November 4, 2016 23:14","November 4, 2016 23:14",Wendy,Contreras,Mrs.,-,-,-,-,0,-,-,,,,,,,
52,MosesBRice@jourrapide.com,-,-,-,-,"November 6, 2016 0:29","November 6, 2016 0:29",Moses,Rice,Mr.,-,-,-,-,0,-,-,,,,,,,
53,GraceJLair@gustr.com,-,-,-,-,"November 7, 2016 1:44","November 7, 2016 1:44",Grace,Lair,Ms.,-,-,-,-,0,-,-,,,,,,,
54,FriedaRLopez@cuvox.de,-,-,-,-,"November 8, 2016 2:59","November 8, 2016 2:59",Frieda,Lopez,Mrs.,-,-,-,-,0,-,-,,,,,,,
55,PeterCSchultheis@armyspy.com,-,-,-,-,"November 9, 2016 4:14","November 9, 2016 4:14",Peter,Schultheis,Mr.,-,-,-,-,0,-,-,,,,,,,
56,DavidNArnold@cuvox.de,-,-,-,-,"November 10, 2016 5:29","November 10, 2016 5:29",David,Arnold,Mr.,-,-,-,-,0,-,-,,,,,,,
57,ElaineGHood@einrot.com,-,-,-,-,"November 11, 2016 6:44","November 11, 2016 6:44",Elaine,Hood,Mrs.,-,-,-,-,0,-,-,,,,,,,
58,DanaWTracey@dayrep.com,-,-,-,-,"November 12, 2016 7:59","November 12, 2016 7:59",Dana,Tracey,Mr.,-,-,-,-,0,-,-,,,,,,,
59,JamesSJones@armyspy.com,-,-,-,-,"November 13, 2016 9:14","November 13, 2016 9:14",James,Jones,Mr.,-,-,-,-,0,-,-,,,,,,,
60,RichardNBranscum@teleworm.us,-,-,-,-,"November 14, 2016 10:29","November 14, 2016 10:29",Richard,Branscum,Mr.,-,-,-,-,0,-,-,,,,,,,
61,JohnSMyrie@einrot.com,-,-,-,-,"November 15, 2016 11:44","November 15, 2016 11:44",John,Myrie,Mr.,-,-,-,-,0,-,-,,,,,,,
62,MargaretFPorto@teleworm.us,-,-,-,-,"November 16, 2016 12:59","November 16, 2016 12:59",Margaret,Porto,Ms.,-,-,-,-,0,-,-,,,,,,,
63,DebraSPapa@fleckens.hu,-,-,-,-,"November 17, 2016 14:14","November 17, 2016 14:14",Debra,Papa,Mrs.,-,-,-,-,0,-,-,,,,,,,
64,CynthiaGGarza@rhyta.com,-,-,-,-,"November 18, 2016 15:29","November 18, 2016 15:29",Cynthia,Garza,Ms.,-,-,-,-,0,-,-,,,,,,,
65,CherylRHardy@cuvox.de,-,-,-,-,"November 19, 2016 16:44","November 19, 2016 16:44",Cheryl,Hardy,Mrs.,-,-,-,-,0,-,-,,,,,,,
66,MaryDOusley@superrito.com,-,-,-,-,"November 20, 2016 17:59","November 20, 2016 17:59",Mary,Ousley,Ms.,-,-,-,-,0,-,-,,,,,,,
67,EdnaWDuca@cuvox.de,-,-,-,-,"November 21, 2016 19:14","November 21, 2016 19:14",Edna,Duca,Mrs.,-,-,-,-,0,-,-,,,,,,,
68,MaryJLawson@gustr.com,-,-,-,-,"November 22, 2016 20:29","November 22, 2016 20:29",Mary,Lawson,Ms.,-,-,-,-,0,-,-,,,,,,,
69,JamesTMolina@cuvox.de,-,-,-,-,"November 23, 2016 21:44","November 23, 2016 21:44",James,Molina,Mr.,-,-,-,-,0,-,-,,,,,,,
70,RoyceKKirk@gustr.com,-,-,-,-,"November 24, 2016 22:59","November 24, 2016 22:59",Royce,Kirk,Ms.,-,-,-,-,0,-,-,,,,,,,
71,SamuelLLytle@armyspy.com,-,-,-,-,"November 26, 2016 0:14","November 26, 2016 0:14",Samuel,Lytle,Mr.,-,-,-,-,0,-,-,,,,,,,
72,DennisKMoore@fleckens.hu,-,-,-,-,"November 27, 2016 1:29","November 27, 2016 1:29",Dennis,Moore,Mr.,-,-,-,-,0,-,-,,,,,,,
73,TimothyCThomas@rhyta.com,-,-,-,-,"November 28, 2016 2:44","November 28, 2016 2:44",Timothy,Thomas,Mr.,-,-,-,-,0,-,-,,,,,,,
74,SeymourJPena@einrot.com,-,-,-,-,"December 28, 2016 2:44","December 28, 2016 2:44",Seymour,Pena,Mr.,-,-,-,-,0,-,-,,,,,,,
75,GinnyJWages@teleworm.us,-,-,-,-,"December 29, 2016 3:59","December 29, 2016 3:59",Ginny,Wages,Ms.,-,-,-,-,0,-,-,,,,,,,
76,RubyTEvans@teleworm.us,-,-,-,-,"December 30, 2016 5:14","December 30, 2016 5:14",Ruby,Evans,Mrs.,-,-,-,-,0,-,-,,,,,,,
77,JenniferAWilliams@armyspy.com,-,-,-,-,"December 31, 2016 6:29","December 31, 2016 6:29",Jennifer,Williams,Ms.,-,-,-,-,0,-,-,,,,,,,
78,JoaquinVRounds@fleckens.hu,-,-,-,-,"January 1, 2017 7:44","January 1, 2017 7:44",Joaquin,Rounds,Mr.,-,-,-,-,0,-,-,,,,,,,
79,MichaelACano@jourrapide.com,-,-,-,-,"January 2, 2017 8:59","January 2, 2017 8:59",Michael,Cano,Mr.,-,-,-,-,0,-,-,,,,,,,
80,JohnEAvila@cuvox.de,-,-,-,-,"January 3, 2017 10:14","January 3, 2017 10:14",John,Avila,Mr.,-,-,-,-,0,-,-,,,,,,,
81,CharlesCWallace@dayrep.com,-,-,-,-,"January 4, 2017 11:29","January 4, 2017 11:29",Charles,Wallace,Mr.,-,-,-,-,0,-,-,,,,,,,
82,GeorgeTFitzgerald@cuvox.de,-,-,-,-,"January 5, 2017 12:44","January 5, 2017 12:44",George,Fitzgerald,Mr.,-,-,-,-,0,-,-,,,,,,,
83,LaurenNPeterson@rhyta.com,-,-,-,-,"January 6, 2017 13:59","January 6, 2017 13:59",Lauren,Peterson,Ms.,-,-,-,-,0,-,-,,,,,,,
84,JamesSHernandez@jourrapide.com,-,-,-,-,"January 7, 2017 15:14","January 7, 2017 15:14",James,Hernandez,Mr.,-,-,-,-,0,-,-,,,,,,,
85,MatthewSSteele@fleckens.hu,-,-,-,-,"January 8, 2017 16:29","January 8, 2017 16:29",Matthew,Steele,Mr.,-,-,-,-,0,-,-,,,,,,,
86,AnnaRGrogan@gustr.com,-,-,-,-,"January 9, 2017 17:44","January 9, 2017 17:44",Anna,Grogan,Mrs.,-,-,-,-,0,-,-,,,,,,,
87,KrystalEDavid@armyspy.com,-,-,-,-,"January 10, 2017 18:59","January 10, 2017 18:59",Krystal,David,Ms.,-,-,-,-,0,-,-,,,,,,,
88,BoydJHunt@dayrep.com,-,-,-,-,"January 11, 2017 20:14","January 11, 2017 20:14",Boyd,Hunt,Mr.,-,-,-,-,0,-,-,,,,,,,
89,AdamCDeal@teleworm.us,-,-,-,-,"January 12, 2017 21:29","January 12, 2017 21:29",Adam,Deal,Mr.,-,-,-,-,0,-,-,,,,,,,
90,HectorNWagner@einrot.com,-,-,-,-,"January 13, 2017 22:44","January 13, 2017 22:44",Hector,Wagner,Mr.,-,-,-,-,0,-,-,,,,,,,
91,DeniseKSerra@dayrep.com,-,-,-,-,"January 14, 2017 23:59","January 14, 2017 23:59",Denise,Serra,Ms.,-,-,-,-,0,-,-,,,,,,,
92,ScottAJamison@fleckens.hu,-,-,-,-,"January 16, 2017 1:14","January 16, 2017 1:14",Scott,Jamison,Mr.,-,-,-,-,0,-,-,,,,,,,
93,LeeEDuffy@rhyta.com,-,-,-,-,"January 17, 2017 2:29","January 17, 2017 2:29",Lee,Duffy,Mr.,-,-,-,-,0,-,-,,,,,,,
94,JenniferRBell@einrot.com,-,-,-,-,"January 18, 2017 3:44","January 18, 2017 3:44",Jennifer,Bell,Ms.,-,-,-,-,0,-,-,,,,,,,
95,JamesLGreen@teleworm.us,-,-,-,-,"February 19, 2017 4:59","February 19, 2017 4:59",James,Green,Mr.,-,-,-,-,0,-,-,,,,,,,
96,SherryFVargas@dayrep.com,-,-,-,-,"February 20, 2017 6:14","February 20, 2017 6:14",Sherry,Vargas,Ms.,-,-,-,-,0,-,-,,,,,,,
97,JamesYAshbrook@superrito.com,-,-,-,-,"February 21, 2017 7:29","February 21, 2017 7:29",James,Ashbrook,Mr.,-,-,-,-,0,-,-,,,,,,,
98,TimothyATaylor@dayrep.com,-,-,-,-,"February 22, 2017 8:44","February 22, 2017 8:44",Timothy,Taylor,Mr.,-,-,-,-,0,-,-,,,,,,,
99,JoanEAmbler@superrito.com,-,-,-,-,"February 23, 2017 9:59","February 23, 2017 9:59",Joan,Ambler,Ms.,-,-,-,-,0,-,-,,,,,,,
100,SheilaENugent@fleckens.hu,-,-,-,-,"February 24, 2017 11:14","February 24, 2017 11:14",Sheila,Nugent,Mrs.,-,-,-,-,0,-,-,,,,,,,
101,AlvinCWagaman@armyspy.com,-,-,-,-,"February 25, 2017 12:29","February 25, 2017 12:29",Alvin,Wagaman,Mr.,-,-,-,-,0,-,-,,,,,,,
102,DavidKBush@gustr.com,-,-,-,-,"February 26, 2017 13:44","February 26, 2017 13:44",David,Bush,Dr.,-,-,-,-,0,-,-,,,,,,,
103,StephanieLAguiar@armyspy.com,-,-,-,-,"February 27, 2017 14:59","February 27, 2017 14:59",Stephanie,Aguiar,Mrs.,-,-,-,-,0,-,-,,,,,,,
104,OpalRSecor@einrot.com,-,-,-,-,"February 28, 2017 16:14","February 28, 2017 16:14",Opal,Secor,Ms.,-,-,-,-,0,-,-,,,,,,,
105,JoshuaKCole@armyspy.com,-,-,-,-,"March 1, 2017 17:29","March 1, 2017 17:29",Joshua,Cole,Mr.,-,-,-,-,0,-,-,,,,,,,
106,BrendaRDragon@cuvox.de,-,-,-,-,"March 2, 2017 18:44","March 2, 2017 18:44",Brenda,Dragon,Mrs.,-,-,-,-,0,-,-,,,,,,,
107,WarrenMDolin@dayrep.com,-,-,-,-,"March 3, 2017 19:59","March 3, 2017 19:59",Warren,Dolin,Mr.,-,-,-,-,0,-,-,,,,,,,
108,EmmaPLedet@superrito.com,-,-,-,-,"March 4, 2017 21:14","March 4, 2017 21:14",Emma,Ledet,Ms.,-,-,-,-,0,-,-,,,,,,,
109,RoseKGouin@fleckens.hu,-,-,-,-,"March 5, 2017 22:29","March 5, 2017 22:29",Rose,Gouin,Ms.,-,-,-,-,0,-,-,,,,,,,
110,SabrinaRChavez@fleckens.hu,-,-,-,-,"March 6, 2017 23:44","March 6, 2017 23:44",Sabrina,Chavez,Mrs.,-,-,-,-,0,-,-,,,,,,,
111,SuzanneTCruz@fleckens.hu,-,-,-,-,"March 8, 2017 0:59","March 8, 2017 0:59",Suzanne,Cruz,Mrs.,-,-,-,-,0,-,-,,,,,,,
112,GeorgeDMathis@armyspy.com,-,-,-,-,"March 9, 2017 2:14","March 9, 2017 2:14",George,Mathis,Mr.,-,-,-,-,0,-,-,,,,,,,
113,HazelRArmstrong@dayrep.com,-,-,-,-,"March 10, 2017 3:29","March 10, 2017 3:29",Hazel,Armstrong,Mrs.,-,-,-,-,0,-,-,,,,,,,
114,MariaPAlexander@gustr.com,-,-,-,-,"March 11, 2017 4:44","March 11, 2017 4:44",Maria,Alexander,Mrs.,-,-,-,-,0,-,-,,,,,,,
115,GeorgeAJoiner@cuvox.de,-,-,-,-,"March 12, 2017 5:59","March 12, 2017 5:59",George,Joiner,Mr.,-,-,-,-,0,-,-,,,,,,,
116,DonaldVPenton@dayrep.com,-,-,-,-,"March 13, 2017 7:14","March 13, 2017 7:14",Donald,Penton,Mr.,-,-,-,-,0,-,-,,,,,,,
117,JosephMMetzger@fleckens.hu,-,-,-,-,"March 14, 2017 8:29","March 14, 2017 8:29",Joseph,Metzger,Mr.,-,-,-,-,0,-,-,,,,,,,
118,JohnMAdame@teleworm.us,-,-,-,-,"March 15, 2017 9:44","March 15, 2017 9:44",John,Adame,Mr.,-,-,-,-,0,-,-,,,,,,,
119,BrittanySDavis@gustr.com,-,-,-,-,"March 16, 2017 10:59","March 16, 2017 10:59",Brittany,Davis,Mrs.,-,-,-,-,0,-,-,,,,,,,
120,EddieDShook@fleckens.hu,-,-,-,-,"March 17, 2017 12:14","March 17, 2017 12:14",Eddie,Shook,Mr.,-,-,-,-,0,-,-,,,,,,,
121,EricJTaylor@gustr.com,-,-,-,-,"April 18, 2017 13:29","April 18, 2017 13:29",Eric,Taylor,Mr.,-,-,-,-,0,-,-,,,,,,,
122,BrianHBains@dayrep.com,-,-,-,-,"April 19, 2017 14:44","April 19, 2017 14:44",Brian,Bains,Mr.,-,-,-,-,0,-,-,,,,,,,
123,FlorenceCHalladay@jourrapide.com,-,-,-,-,"April 20, 2017 15:59","April 20, 2017 15:59",Florence,Halladay,Mrs.,-,-,-,-,0,-,-,,,,,,,
124,CharlesNMilligan@teleworm.us,-,-,-,-,"April 21, 2017 17:14","April 21, 2017 17:14",Charles,Milligan,Mr.,-,-,-,-,0,-,-,,,,,,,
125,EdwardLAverill@fleckens.hu,-,-,-,-,"April 22, 2017 18:29","April 22, 2017 18:29",Edward,Averill,Mr.,-,-,-,-,0,-,-,,,,,,,
126,DamianDWise@cuvox.de,-,-,-,-,"April 23, 2017 19:44","April 23, 2017 19:44",Damian,Wise,Mr.,-,-,-,-,0,-,-,,,,,,,
127,MariaTJennings@rhyta.com,-,-,-,-,"April 24, 2017 20:59","April 24, 2017 20:59",Maria,Jennings,Mrs.,-,-,-,-,0,-,-,,,,,,,
128,GeorgeRBarton@gustr.com,-,-,-,-,"April 25, 2017 22:14","April 25, 2017 22:14",George,Barton,Mr.,-,-,-,-,0,-,-,,,,,,,
129,StellaBBoggs@dayrep.com,-,-,-,-,"April 26, 2017 23:29","April 26, 2017 23:29",Stella,Boggs,Mrs.,-,-,-,-,0,-,-,,,,,,,
130,EugeneEGlick@einrot.com,-,-,-,-,"April 28, 2017 0:44","April 28, 2017 0:44",Eugene,Glick,Mr.,-,-,-,-,0,-,-,,,,,,,
131,GordonMChichester@superrito.com,-,-,-,-,"April 29, 2017 1:59","April 29, 2017 1:59",Gordon,Chichester,Dr.,-,-,-,-,0,-,-,,,,,,,
132,TracyVSpooner@rhyta.com,-,-,-,-,"April 30, 2017 3:14","April 30, 2017 3:14",Tracy,Spooner,Ms.,-,-,-,-,0,-,-,,,,,,,
133,MaryLRodriguez@gustr.com,-,-,-,-,"May 1, 2017 4:29","May 1, 2017 4:29",Mary,Rodriguez,Ms.,-,-,-,-,0,-,-,,,,,,,
134,BlakeMMcDermott@jourrapide.com,-,-,-,-,"May 2, 2017 5:44","May 2, 2017 5:44",Blake,McDermott,Mr.,-,-,-,-,0,-,-,,,,,,,
135,PaulaTEspinoza@dayrep.com,-,-,-,-,"May 3, 2017 6:59","May 3, 2017 6:59",Paula,Espinoza,Mrs.,-,-,-,-,0,-,-,,,,,,,
136,TiaraJCampagna@gustr.com,-,-,-,-,"May 4, 2017 8:14","May 4, 2017 8:14",Tiara,Campagna,Ms.,-,-,-,-,0,-,-,,,,,,,
137,VanceAFinn@dayrep.com,-,-,-,-,"May 5, 2017 9:29","May 5, 2017 9:29",Vance,Finn,Mr.,-,-,-,-,0,-,-,,,,,,,
138,PaulKFairley@dayrep.com,-,-,-,-,"May 6, 2017 10:44","May 6, 2017 10:44",Paul,Fairley,Mr.,-,-,-,-,0,-,-,,,,,,,
139,KathleenNSimmons@cuvox.de,-,-,-,-,"May 7, 2017 11:59","May 7, 2017 11:59",Kathleen,Simmons,Ms.,-,-,-,-,0,-,-,,,,,,,
140,JohnESoto@fleckens.hu,-,-,-,-,"May 8, 2017 13:14","May 8, 2017 13:14",John,Soto,Mr.,-,-,-,-,0,-,-,,,,,,,
141,SusanJMorton@superrito.com,-,-,-,-,"May 9, 2017 14:29","May 9, 2017 14:29",Susan,Morton,Ms.,-,-,-,-,0,-,-,,,,,,,
142,DorothyJHudgins@cuvox.de,-,-,-,-,"May 10, 2017 15:44","May 10, 2017 15:44",Dorothy,Hudgins,Ms.,-,-,-,-,0,-,-,,,,,,,
143,GraceTSmith@cuvox.de,-,-,-,-,"May 11, 2017 16:59","May 11, 2017 16:59",Grace,Smith,Ms.,-,-,-,-,0,-,-,,,,,,,
144,KelvinCBrown@fleckens.hu,-,-,-,-,"June 12, 2017 18:14","June 12, 2017 18:14",Kelvin,Brown,Mr.,-,-,-,-,0,-,-,,,,,,,
145,TinaSKissell@jourrapide.com,-,-,-,-,"June 13, 2017 19:29","June 13, 2017 19:29",Tina,Kissell,Mrs.,-,-,-,-,0,-,-,,,,,,,
146,CarlSRuiz@armyspy.com,-,-,-,-,"June 14, 2017 20:44","June 14, 2017 20:44",Carl,Ruiz,Mr.,-,-,-,-,0,-,-,,,,,,,
147,TrishaEWilliams@fleckens.hu,-,-,-,-,"June 15, 2017 21:59","June 15, 2017 21:59",Trisha,Williams,Mrs.,-,-,-,-,0,-,-,,,,,,,
148,JoseEWright@dayrep.com,-,-,-,-,"June 16, 2017 23:14","June 16, 2017 23:14",Jose,Wright,Mr.,-,-,-,-,0,-,-,,,,,,,
149,TammyCGoff@rhyta.com,-,-,-,-,"June 18, 2017 0:29","June 18, 2017 0:29",Tammy,Goff,Ms.,-,-,-,-,0,-,-,,,,,,,
150,JeanMCortez@fleckens.hu,-,-,-,-,"June 19, 2017 1:44","June 19, 2017 1:44",Jean,Cortez,Mrs.,-,-,-,-,0,-,-,,,,,,,
151,WilliamVGray@teleworm.us,-,-,-,-,"June 20, 2017 2:59","June 20, 2017 2:59",William,Gray,Mr.,-,-,-,-,0,-,-,,,,,,,
152,DustinKAustin@gustr.com,-,-,-,-,"June 21, 2017 4:14","June 21, 2017 4:14",Dustin,Austin,Mr.,-,-,-,-,0,-,-,,,,,,,
153,DavidFRichmond@einrot.com,-,-,-,-,"June 22, 2017 5:29","June 22, 2017 5:29",David,Richmond,Dr.,-,-,-,-,0,-,-,,,,,,,
154,DanielAChancey@dayrep.com,-,-,-,-,"June 23, 2017 6:44","June 23, 2017 6:44",Daniel,Chancey,Mr.,-,-,-,-,0,-,-,,,,,,,
155,MichelleDMock@superrito.com,-,-,-,-,"June 24, 2017 7:59","June 24, 2017 7:59",Michelle,Mock,Mrs.,-,-,-,-,0,-,-,,,,,,,
156,AnitaMOliveras@rhyta.com,-,-,-,-,"June 25, 2017 9:14","June 25, 2017 9:14",Anita,Oliveras,Ms.,-,-,-,-,0,-,-,,,,,,,
157,ChadKSun@dayrep.com,-,-,-,-,"June 26, 2017 10:29","June 26, 2017 10:29",Chad,Sun,Mr.,-,-,-,-,0,-,-,,,,,,,
158,SuzanneMCharbonneau@rhyta.com,-,-,-,-,"June 27, 2017 11:44","June 27, 2017 11:44",Suzanne,Charbonneau,Mrs.,-,-,-,-,0,-,-,,,,,,,
159,CharlesSMullis@rhyta.com,-,-,-,-,"June 28, 2017 12:59","June 28, 2017 12:59",Charles,Mullis,Mr.,-,-,-,-,0,-,-,,,,,,,
160,RandalMMoss@cuvox.de,-,-,-,-,"June 29, 2017 14:14","June 29, 2017 14:14",Randal,Moss,Mr.,-,-,-,-,0,-,-,,,,,,,
161,KateAMiner@gustr.com,-,-,-,-,"June 30, 2017 15:29","June 30, 2017 15:29",Kate,Miner,Ms.,-,-,-,-,0,-,-,,,,,,,
162,SusanCHansen@jourrapide.com,-,-,-,-,"July 1, 2017 16:44","July 1, 2017 16:44",Susan,Hansen,Ms.,-,-,-,-,0,-,-,,,,,,,
163,RyanMMerrill@fleckens.hu,-,-,-,-,"July 2, 2017 17:59","July 2, 2017 17:59",Ryan,Merrill,Mr.,-,-,-,-,0,-,-,,,,,,,
164,JeanJFarnsworth@armyspy.com,-,-,-,-,"July 3, 2017 19:14","July 3, 2017 19:14",Jean,Farnsworth,Ms.,-,-,-,-,0,-,-,,,,,,,
165,JoePBeeman@armyspy.com,-,-,-,-,"July 4, 2017 20:29","July 4, 2017 20:29",Joe,Beeman,Mr.,-,-,-,-,0,-,-,,,,,,,
166,DonaldJCampbell@teleworm.us,-,-,-,-,"August 5, 2017 21:44","August 5, 2017 21:44",Donald,Campbell,Mr.,-,-,-,-,0,-,-,,,,,,,
167,JonathanFPark@cuvox.de,-,-,-,-,"August 6, 2017 22:59","August 6, 2017 22:59",Jonathan,Park,Mr.,-,-,-,-,0,-,-,,,,,,,
168,ToddAUnger@cuvox.de,-,-,-,-,"August 8, 2017 0:14","August 8, 2017 0:14",Todd,Unger,Mr.,-,-,-,-,0,-,-,,,,,,,
169,JoePDodge@cuvox.de,-,-,-,-,"August 9, 2017 1:29","August 9, 2017 1:29",Joe,Dodge,Mr.,-,-,-,-,0,-,-,,,,,,,
170,TheodoreSAbraham@cuvox.de,-,-,-,-,"August 10, 2017 2:44","August 10, 2017 2:44",Theodore,Abraham,Mr.,-,-,-,-,0,-,-,,,,,,,
171,KristenKClay@superrito.com,-,-,-,-,"August 11, 2017 3:59","August 11, 2017 3:59",Kristen,Clay,Ms.,-,-,-,-,0,-,-,,,,,,,
172,NedNThomas@einrot.com,-,-,-,-,"August 12, 2017 5:14","August 12, 2017 5:14",Ned,Thomas,Mr.,-,-,-,-,0,-,-,,,,,,,
173,DeloresCEmmer@fleckens.hu,-,-,-,-,"August 13, 2017 6:29","August 13, 2017 6:29",Delores,Emmer,Ms.,-,-,-,-,0,-,-,,,,,,,
174,HelenGMills@armyspy.com,-,-,-,-,"August 14, 2017 7:44","August 14, 2017 7:44",Helen,Mills,Mrs.,-,-,-,-,0,-,-,,,,,,,
175,DavidSTaylor@fleckens.hu,-,-,-,-,"August 15, 2017 8:59","August 15, 2017 8:59",David,Taylor,Mr.,-,-,-,-,0,-,-,,,,,,,
176,RachellePBerry@teleworm.us,-,-,-,-,"August 16, 2017 10:14","August 16, 2017 10:14",Rachelle,Berry,Ms.,-,-,-,-,0,-,-,,,,,,,
177,JoseLReed@cuvox.de,-,-,-,-,"August 17, 2017 11:29","August 17, 2017 11:29",Jose,Reed,Mr.,-,-,-,-,0,-,-,,,,,,,
178,MariaDLeary@fleckens.hu,-,-,-,-,"August 18, 2017 12:44","August 18, 2017 12:44",Maria,Leary,Mrs.,-,-,-,-,0,-,-,,,,,,,
179,WilmaWWilmot@gustr.com,-,-,-,-,"August 19, 2017 13:59","August 19, 2017 13:59",Wilma,Wilmot,Ms.,-,-,-,-,0,-,-,,,,,,,
180,BennettMQuinlan@teleworm.us,-,-,-,-,"August 20, 2017 15:14","August 20, 2017 15:14",Bennett,Quinlan,Mr.,-,-,-,-,0,-,-,,,,,,,
181,JustinTThompson@gustr.com,-,-,-,-,"August 21, 2017 16:29","August 21, 2017 16:29",Justin,Thompson,Mr.,-,-,-,-,0,-,-,,,,,,,
182,LouisTDay@jourrapide.com,-,-,-,-,"November 22, 2017 17:44","November 22, 2017 17:44",Louis,Day,Mr.,-,-,-,-,0,-,-,,,,,,,
183,CheryRRogers@dayrep.com,-,-,-,-,"November 23, 2017 18:59","November 23, 2017 18:59",Chery,Rogers,Mrs.,-,-,-,-,0,-,-,,,,,,,
184,TomVGreen@armyspy.com,-,-,-,-,"November 24, 2017 20:14","November 24, 2017 20:14",Tom,Green,Mr.,-,-,-,-,0,-,-,,,,,,,
185,MillieCRybicki@superrito.com,-,-,-,-,"November 25, 2017 21:29","November 25, 2017 21:29",Millie,Rybicki,Ms.,-,-,-,-,0,-,-,,,,,,,
186,MaJDaye@superrito.com,-,-,-,-,"November 26, 2017 22:44","November 26, 2017 22:44",Ma,Daye,Ms.,-,-,-,-,0,-,-,,,,,,,
187,PhyllisRWard@jourrapide.com,-,-,-,-,"November 27, 2017 23:59","November 27, 2017 23:59",Phyllis,Ward,Mrs.,-,-,-,-,0,-,-,,,,,,,
188,PatrickMHill@fleckens.hu,-,-,-,-,"November 29, 2017 1:14","November 29, 2017 1:14",Patrick,Hill,Mr.,-,-,-,-,0,-,-,,,,,,,
189,LindaDBarrett@rhyta.com,-,-,-,-,"November 30, 2017 2:29","November 30, 2017 2:29",Linda,Barrett,Ms.,-,-,-,-,0,-,-,,,,,,,
190,WilliamJRoberts@cuvox.de,-,-,-,-,"December 1, 2017 3:44","December 1, 2017 3:44",William,Roberts,Mr.,-,-,-,-,0,-,-,,,,,,,
191,VeronicaRAble@einrot.com,-,-,-,-,"December 2, 2017 4:59","December 2, 2017 4:59",Veronica,Able,Mrs.,-,-,-,-,0,-,-,,,,,,,
192,RaquelRSmith@cuvox.de,-,-,-,-,"December 3, 2017 6:14","December 3, 2017 6:14",Raquel,Smith,Ms.,-,-,-,-,0,-,-,,,,,,,
193,AnnetteHWhitley@armyspy.com,-,-,-,-,"December 4, 2017 7:29","December 4, 2017 7:29",Annette,Whitley,Ms.,-,-,-,-,0,-,-,,,,,,,
194,KarenLMoorhead@dayrep.com,-,-,-,-,"December 5, 2017 8:44","December 5, 2017 8:44",Karen,Moorhead,Ms.,-,-,-,-,0,-,-,,,,,,,
195,JonathanMManning@superrito.com,-,-,-,-,"December 6, 2017 9:59","December 6, 2017 9:59",Jonathan,Manning,Mr.,-,-,-,-,0,-,-,,,,,,,
196,WilliamBDeherrera@teleworm.us,-,-,-,-,"December 7, 2017 11:14","December 7, 2017 11:14",William,Deherrera,Mr.,-,-,-,-,0,-,-,,,,,,,
197,DavidJHuskey@superrito.com,-,-,-,-,"December 8, 2017 12:29","December 8, 2017 12:29",David,Huskey,Mr.,-,-,-,-,0,-,-,,,,,,,
198,ErnestMHafley@einrot.com,-,-,-,-,"December 9, 2017 13:44","December 9, 2017 13:44",Ernest,Hafley,Mr.,-,-,-,-,0,-,-,,,,,,,
199,SeanHSkillings@gustr.com,-,-,-,-,"January 10, 2018 14:59","January 10, 2018 14:59",Sean,Skillings,Mr.,-,-,-,-,0,-,-,,,,,,,
200,DavidHBrooks@rhyta.com,-,-,-,-,"January 11, 2018 15:44","January 11, 2018 15:44",David,Brooks,Mr.,-,-,-,-,0,-,-,,,,,,,
201,WilliamNDrysdale@fleckens.hu,-,-,-,-,"January 12, 2018 16:29","January 12, 2018 16:29",William,Drysdale,Mr.,-,-,-,-,0,-,-,,,,,,,
202,WilliamPBowers@cuvox.de,-,-,-,-,"January 13, 2018 17:14","January 13, 2018 17:14",William,Bowers,Mr.,-,-,-,-,0,-,-,,,,,,,
203,StanleyDRosenstein@einrot.com,-,-,-,-,"January 14, 2018 17:59","January 14, 2018 17:59",Stanley,Rosenstein,Mr.,-,-,-,-,0,-,-,,,,,,,
204,PaulFRhem@rhyta.com,-,-,-,-,"January 15, 2018 18:44","January 15, 2018 18:44",Paul,Rhem,Mr.,-,-,-,-,0,-,-,,,,,,,
205,BarbaraRDoggett@armyspy.com,-,-,-,-,"January 16, 2018 19:29","January 16, 2018 19:29",Barbara,Doggett,Mrs.,-,-,-,-,0,-,-,,,,,,,
206,RaulPBuckner@teleworm.us,-,-,-,-,"January 17, 2018 20:14","January 17, 2018 20:14",Raul,Buckner,Mr.,-,-,-,-,0,-,-,,,,,,,
207,LyndaTFerrel@dayrep.com,-,-,-,-,"January 18, 2018 20:59","January 18, 2018 20:59",Lynda,Ferrel,Ms.,-,-,-,-,0,-,-,,,,,,,
208,JamesJMorel@gustr.com,-,-,-,-,"January 19, 2018 21:44","January 19, 2018 21:44",James,Morel,Mr.,-,-,-,-,0,-,-,,,,,,,
209,ScottMHall@gustr.com,-,-,-,-,"January 20, 2018 22:29","January 20, 2018 22:29",Scott,Hall,Mr.,-,-,-,-,0,-,-,,,,,,,
210,MarkWPrice@fleckens.hu,-,-,-,-,"January 21, 2018 23:14","January 21, 2018 23:14",Mark,Price,Mr.,-,-,-,-,0,-,-,,,,,,,
211,EvelynHSmith@gustr.com,-,-,-,-,"January 22, 2018 23:59","January 22, 2018 23:59",Evelyn,Smith,Mrs.,-,-,-,-,0,-,-,,,,,,,
212,FrankFTurner@armyspy.com,-,-,-,-,"January 24, 2018 0:44","January 24, 2018 0:44",Frank,Turner,Mr.,-,-,-,-,0,-,-,,,,,,,
213,RaymondPMims@teleworm.us,-,-,-,-,"January 25, 2018 1:29","January 25, 2018 1:29",Raymond,Mims,Mr.,-,-,-,-,0,-,-,,,,,,,
214,RonaldKCook@jourrapide.com,-,-,-,-,"January 26, 2018 2:14","January 26, 2018 2:14",Ronald,Cook,Mr.,-,-,-,-,0,-,-,,,,,,,
215,SandraRJohnson@armyspy.com,-,-,-,-,"April 27, 2018 2:59","April 27, 2018 2:59",Sandra,Johnson,Mrs.,-,-,-,-,0,-,-,,,,,,,
216,AndreaLHiggins@superrito.com,-,-,-,-,"April 28, 2018 3:44","April 28, 2018 3:44",Andrea,Higgins,Mrs.,-,-,-,-,0,-,-,,,,,,,
217,DennisMBliss@einrot.com,-,-,-,-,"April 29, 2018 4:29","April 29, 2018 4:29",Dennis,Bliss,Mr.,-,-,-,-,0,-,-,,,,,,,
218,IleneFLux@superrito.com,-,-,-,-,"April 30, 2018 5:14","April 30, 2018 5:14",Ilene,Lux,Mrs.,-,-,-,-,0,-,-,,,,,,,
219,RonaldBGaddis@dayrep.com,-,-,-,-,"May 1, 2018 5:59","May 1, 2018 5:59",Ronald,Gaddis,Mr.,-,-,-,-,0,-,-,,,,,,,
220,DiegoGJean@dayrep.com,-,-,-,-,"May 2, 2018 6:44","May 2, 2018 6:44",Diego,Jean,Dr.,-,-,-,-,0,-,-,,,,,,,
221,AndrewKQueen@gustr.com,-,-,-,-,"May 3, 2018 7:29","May 3, 2018 7:29",Andrew,Queen,Mr.,-,-,-,-,0,-,-,,,,,,,
222,EllaLKoenig@teleworm.us,-,-,-,-,"May 4, 2018 8:14","May 4, 2018 8:14",Ella,Koenig,Mrs.,-,-,-,-,0,-,-,,,,,,,
223,JosephNFord@cuvox.de,-,-,-,-,"May 5, 2018 8:59","May 5, 2018 8:59",Joseph,Ford,Mr.,-,-,-,-,0,-,-,,,,,,,
224,JamesSMelton@jourrapide.com,-,-,-,-,"May 6, 2018 9:44","May 6, 2018 9:44",James,Melton,Mr.,-,-,-,-,0,-,-,,,,,,,
225,JenniferRGutierrez@jourrapide.com,-,-,-,-,"May 7, 2018 10:29","May 7, 2018 10:29",Jennifer,Gutierrez,Mrs.,-,-,-,-,0,-,-,,,,,,,
226,RichardSAlejandre@fleckens.hu,-,-,-,-,"May 8, 2018 11:14","May 8, 2018 11:14",Richard,Alejandre,Mr.,-,-,-,-,0,-,-,,,,,,,
227,TiffanyPSpencer@superrito.com,-,-,-,-,"May 9, 2018 11:59","May 9, 2018 11:59",Tiffany,Spencer,Mrs.,-,-,-,-,0,-,-,,,,,,,
228,BillieBSutherland@superrito.com,-,-,-,-,"May 10, 2018 12:44","May 10, 2018 12:44",Billie,Sutherland,Ms.,-,-,-,-,0,-,-,,,,,,,
229,BillyGRuiz@dayrep.com,-,-,-,-,"May 11, 2018 13:29","May 11, 2018 13:29",Billy,Ruiz,Mr.,-,-,-,-,0,-,-,,,,,,,
230,AmieMMosley@jourrapide.com,-,-,-,-,"May 12, 2018 14:14","May 12, 2018 14:14",Amie,Mosley,Ms.,-,-,-,-,0,-,-,,,,,,,
231,EdithAHarness@gustr.com,-,-,-,-,"May 13, 2018 14:59","May 13, 2018 14:59",Edith,Harness,Mrs.,-,-,-,-,0,-,-,,,,,,,
232,KathleenAHardy@fleckens.hu,-,-,-,-,"May 14, 2018 15:44","May 14, 2018 15:44",Kathleen,Hardy,Mrs.,-,-,-,-,0,-,-,,,,,,,
233,KathrynDCox@cuvox.de,-,-,-,-,"May 15, 2018 16:29","May 15, 2018 16:29",Kathryn,Cox,Mrs.,-,-,-,-,0,-,-,,,,,,,
234,RebeccaFGates@cuvox.de,-,-,-,-,"May 16, 2018 17:14","May 16, 2018 17:14",Rebecca,Gates,Mrs.,-,-,-,-,0,-,-,,,,,,,
235,CarolLHill@rhyta.com,-,-,-,-,"September 17, 2018 17:59","September 17, 2018 17:59",Carol,Hill,Ms.,-,-,-,-,0,-,-,,,,,,,
236,LindaGBarnes@gustr.com,-,-,-,-,"September 18, 2018 18:44","September 18, 2018 18:44",Linda,Barnes,Mrs.,-,-,-,-,0,-,-,,,,,,,
237,JudithRHazel@cuvox.de,-,-,-,-,"September 19, 2018 19:29","September 19, 2018 19:29",Judith,Hazel,Ms.,-,-,-,-,0,-,-,,,,,,,
238,AngelicaRSmith@armyspy.com,-,-,-,-,"September 20, 2018 20:14","September 20, 2018 20:14",Angelica,Smith,Mrs.,-,-,-,-,0,-,-,,,,,,,
239,AshleyGSawyer@armyspy.com,-,-,-,-,"September 21, 2018 20:59","September 21, 2018 20:59",Ashley,Sawyer,Ms.,-,-,-,-,0,-,-,,,,,,,
240,HuldaJMaguire@superrito.com,-,-,-,-,"September 22, 2018 21:44","September 22, 2018 21:44",Hulda,Maguire,Ms.,-,-,-,-,0,-,-,,,,,,,
241,MarieDSnell@jourrapide.com,-,-,-,-,"September 23, 2018 22:29","September 23, 2018 22:29",Marie,Snell,Ms.,-,-,-,-,0,-,-,,,,,,,
242,JohannaJWhitcher@teleworm.us,-,-,-,-,"September 24, 2018 23:14","September 24, 2018 23:14",Johanna,Whitcher,Ms.,-,-,-,-,0,-,-,,,,,,,
243,MelissaTOwens@teleworm.us,-,-,-,-,"September 25, 2018 23:59","September 25, 2018 23:59",Melissa,Owens,Ms.,-,-,-,-,0,-,-,,,,,,,
244,CelesteMSmith@rhyta.com,-,-,-,-,"September 27, 2018 0:44","September 27, 2018 0:44",Celeste,Smith,Mrs.,-,-,-,-,0,-,-,,,,,,,
245,JoseTMontgomery@rhyta.com,-,-,-,-,"September 28, 2018 1:29","September 28, 2018 1:29",Jose,Montgomery,Mr.,-,-,-,-,0,-,-,,,,,,,
246,BrianJScott@teleworm.us,-,-,-,-,"October 1, 2018 2:14","October 1, 2018 2:14",Brian,Scott,Mr.,-,-,-,-,0,-,-,,,,,,,
247,ChrisRSatterfield@jourrapide.com,-,-,-,-,"October 2, 2018 4:39","October 2, 2018 4:39",Chris,Satterfield,Mr.,-,-,-,-,0,-,-,,,,,,,
248,ReginaCFigueroa@rhyta.com,-,-,-,-,"October 3, 2018 7:4","October 3, 2018 7:4",Regina,Figueroa,Ms.,-,-,-,-,0,-,-,,,,,,,
249,NicoleTWynn@cuvox.de,-,-,-,-,"October 4, 2018 9:29","October 4, 2018 9:29",Nicole,Wynn,Ms.,-,-,-,-,0,-,-,,,,,,,
250,MarianneGBlack@armyspy.com,-,-,-,-,"October 5, 2018 11:54","October 5, 2018 11:54",Marianne,Black,Ms.,-,-,-,-,0,-,-,,,,,,,